Workbook

Sheet Tabela 1
A1: Metoda ekspansji | G1: Metoda Fibonacciego | K1: Metoda oparta na inperpolacji Lagrange'a
A2: Współczynnik ekspansji | B2: Lp. | C2: x(0) | D2: a | E2: b | F2: Liczba wywołań funkcji celu | G2: x* | H2: y* | I2: Liczba wywołań funkcji celu | J2: Minimum lokalne/globalne | K2: x* | L2: y* | M2: Liczba wywołań funkcji celu | N2: Minimum lokalne/globalne
B3: 1 | C3: -60.73 | D3: -5.9663 | E3: 5.53408 | F3: 46 | G3: 2.93569e-07 | H3: -5.72573e-18 | I3: 35 | J3: =IF(G3<60,0,1) -> 0 | K3: -0.216112 | L3: 9.34091e-07 | M3: 4 | N3: =IF(K3<60,0,1) -> 0
B4: 2 | C4: -52.06 | D4: -6.80074 | E4: 2.7037 | F4: 44 | G4: 2.15e-07 | H4: -6.52489e-18 | I4: 35 | J4: =IF(G4<60,0,1) -> 0 | K4: -2.04852 | L4: 8.39289e-05 | M4: 4 | N4: =IF(K4<60,0,1) -> 0
B5: 3 | C5: -75.14 | D5: -8.87592 | E5: 5.03953 | F5: 48 | G5: 2.52887e-07 | H5: -6.17035e-18 | I5: 35 | J5: =IF(G5<60,0,1) -> 0 | K5: -1.9182 | L5: 7.35895e-05 | M5: 4 | N5: =IF(K5<60,0,1) -> 0
B6: 4 | C6: 47.57 | D6: 61.991 | E6: 65.0194 | F6: 32 | G6: 62.727 | H6: -0.921198 | I6: 32 | J6: =IF(G6<60,0,1) -> 1 | K6: 62.7257 | L6: -0.921198 | M6: 5 | N6: =IF(K6<60,0,1) -> 1
B7: 5 | C7: -19.03 | D7: -1.5806 | E7: 2.08378 | F7: 34 | G7: -1.97963e-07 | H7: -6.6656e-18 | I7: 33 | J7: =IF(G7<60,0,1) -> 0 | K7: 2.50518e-13 | L7: -7.44939e-18 | M7: 5 | N7: =IF(K7<60,0,1) -> 0
B8: 6 | C8: 20.36 | D8: -2.86515 | E8: 1.16566 | F8: 36 | G8: -3.5034e-07 | H8: -4.99462e-18 | I8: 33 | J8: =IF(G8<60,0,1) -> 0 | K8: -0.849748 | L8: 1.44414e-05 | M8: 4 | N8: =IF(K8<60,0,1) -> 0
B9: 7 | C9: -46.77 | D9: -5.62522 | E9: 3.01518 | F9: 43 | G9: -6.71146e-08 | H9: -7.3593e-18 | I9: 34 | J9: =IF(G9<60,0,1) -> 0 | K9: -1.30502 | L9: 3.40616e-05 | M9: 4 | N9: =IF(K9<60,0,1) -> 0
B10: 8 | C10: -54.69 | D10: -4.90482 | E10: 5.55007 | F10: 45 | G10: -3.33468e-07 | H10: -5.22537e-18 | I10: 35 | J10: =IF(G10<60,0,1) -> 0 | K10: 2.71649e-13 | L10: -7.44939e-18 | M10: 5 | N10: =IF(K10<60,0,1) -> 0
B11: 9 | C11: -15.36 | D11: -0.939006 | E11: 2.0894 | F11: 32 | G11: 3.39674e-07 | H11: -5.14182e-18 | I11: 32 | J11: =IF(G11<60,0,1) -> 0 | K11: 2.63122e-13 | L11: -7.44939e-18 | M11: 5 | N11: =IF(K11<60,0,1) -> 0
B12: 10 | C12: -13.11 | D12: -1.19182 | E12: 1.31099 | F12: 30 | G12: 2.44292e-07 | H12: -6.25582e-18 | I12: 32 | J12: =IF(G12<60,0,1) -> 0 | K12: 2.36961e-13 | L12: -7.44939e-18 | M12: 5 | N12: =IF(K12<60,0,1) -> 0
B13: 11 | C13: -23.62 | D13: -2.50622 | E13: 1.92767 | F13: 36 | G13: -6.14065e-08 | H13: -7.37397e-18 | I13: 33 | J13: =IF(G13<60,0,1) -> 0 | K13: -0.289277 | L13: 1.67362e-06 | M13: 4 | N13: =IF(K13<60,0,1) -> 0
B14: 12 | C14: -70.89 | D14: -4.62592 | E14: 9.28953 | F14: 48 | G14: -4.25341e-07 | H14: -3.83108e-18 | I14: 35 | J14: =IF(G14<60,0,1) -> 0 | K14: 8.75411e-13 | L14: -7.44939e-18 | M14: 5 | N14: =IF(K14<60,0,1) -> 0
... B302: 100 | C302: -41.6 | D302: -25.6 | E302: 22.4 | F302: 8 | G302: 3.54172e-07 | H302: -4.94063e-18 | I302: 38 | J302: =IF(G302<60,0,1) -> 0 | K302: -1.6 | L302: 5.12e-05 | M302: 4 | N302: =IF(K302<60,0,1) -> 0
A303: Przykład bez metody ekspansji | D303: -100 | E303: 100 | F303: 0 | G303: 2.06002e-14 | H303: -7.44939e-18 | I303: 41 | J303: =IF(G303<60,0,1) -> 1 | K303: 0 | L303: -7.44939e-18 | M303: 5 | N303: =IF(K303<60,0,1) -> 0

Sheet Tabela 2
A1: Współczynnik ekspansji | B1: Metoda ekspansji | D1: Rodzaj minimum | E1: Metoda Fibonacciego | I1: Metoda oparta na inperpolacji Lagrange'a
B2: b-a | C2: Liczba wywołań funkcji celu | E2: x* | F2: y* | G2: Liczba wywołań funkcji celu | H2: Liczba wystąpień | I2: x* | J2: y* | K2: Liczba wywołań funkcji celu | L2: Liczba wystąpień
A3: 1.1 | B3: =AVERAGE('Tabela 1'!E3:E102)-AVERAGE('Tabela 1'!D3:D102) -> 6.980009 | C3: =AVERAGE('Tabela 1'!F3:F102) -> 36.45 | D3: Minimum globalne | E3: {=AVERAGE(IF('Tabela 1'!$J3:$J102 = 1,'Tabela 1'!G3:G102))} -> 62.634533 | F3: {=AVERAGE(IF('Tabela 1'!$J3:$J102 = 1,'Tabela 1'!H3:H102))} -> -0.91930373 | G3: {=AVERAGE(IF('Tabela 1'!$J3:$J102 = 1,'Tabela 1'!I3:I102))} -> 29.733333 | H3: =COUNTIF('Tabela 1'!J$3:J$102,1) -> 15 | I3: {=AVERAGE(IF('Tabela 1'!$N3:$N102 = 1,'Tabela 1'!K3:K102))} -> 62.470687 | J3: {=AVERAGE(IF('Tabela 1'!$N3:$N102 = 1,'Tabela 1'!L3:L102))} -> -0.91721347 | K3: {=AVERAGE(IF('Tabela 1'!$N3:$N102 = 1,'Tabela 1'!M3:M102))} -> 4.7333333 | L3: =COUNTIF('Tabela 1'!N$3:N$102,1) -> 15
D4: Minimum lokalne | E4: {=AVERAGE(IF('Tabela 1'!$J3:$J102 = 0,'Tabela 1'!G3:G102))} -> -0.0095294458 | F4: {=AVERAGE(IF('Tabela 1'!$J3:$J102 = 0,'Tabela 1'!H3:H102))} -> 1.5437647e-07 | G4: {=AVERAGE(IF('Tabela 1'!$J3:$J102 = 0,'Tabela 1'!I3:I102))} -> 33.011765 | H4: =COUNTIF('Tabela 1'!J$3:J$102,0) -> 85 | I4: {=AVERAGE(IF('Tabela 1'!$N3:$N102 = 0,'Tabela 1'!K3:K102))} -> -0.4347543 | J4: {=AVERAGE(IF('Tabela 1'!$N3:$N102 = 0,'Tabela 1'!L3:L102))} -> 1.4872183e-05 | K4: {=AVERAGE(IF('Tabela 1'!$N3:$N102 = 0,'Tabela 1'!M3:M102))} -> 4.5411765 | L4: =COUNTIF('Tabela 1'!N$3:N$102,0) -> 85
D5: Brak zbieżności | G5: 0 | H5: 0 | K5: 0 | L5: 0
A6: 1.5 | B6: =AVERAGE('Tabela 1'!E103:E202)-AVERAGE('Tabela 1'!D103:D202) -> 31.938358 | C6: =AVERAGE('Tabela 1'!F103:F202) -> 10.95 | D6: Minimum globalne | E6: {=AVERAGE(IF('Tabela 1'!$J103:$J202 = 1,'Tabela 1'!G103:G202))} -> 62.727 | F6: {=AVERAGE(IF('Tabela 1'!$J103:$J202 = 1,'Tabela 1'!H103:H202))} -> -0.921198 | G6: {=AVERAGE(IF('Tabela 1'!$J103:$J202 = 1,'Tabela 1'!I103:I202))} -> 35.357143 | H6: =COUNTIF('Tabela 1'!J$103:J$202,1) -> 28 | I6: {=AVERAGE(IF('Tabela 1'!$J103:$J202 = 1,'Tabela 1'!K103:K202))} -> 61.518054 | J6: {=AVERAGE(IF('Tabela 1'!$J103:$J202 = 1,'Tabela 1'!L103:L202))} -> -0.84247836 | K6: {=AVERAGE(IF('Tabela 1'!$J103:$J202 = 1,'Tabela 1'!M103:M202))} -> 5.25 | L6: =COUNTIF('Tabela 1'!N$103:N$202,1) -> 22
D7: Minimum lokalne | E7: {=AVERAGE(IF('Tabela 1'!$J103:$J202 = 0,'Tabela 1'!G103:G202))} -> -0.011805587 | F7: {=AVERAGE(IF('Tabela 1'!$J103:$J202 = 0,'Tabela 1'!H103:H202))} -> 2.0069444e-07 | G7: {=AVERAGE(IF('Tabela 1'!$J103:$J202 = 0,'Tabela 1'!I103:I202))} -> 35.791667 | H7: =COUNTIF('Tabela 1'!J$103:J$202,0) -> 72 | I7: {=AVERAGE(IF('Tabela 1'!$J103:$J202 = 0,'Tabela 1'!K103:K202))} -> -1.3565632 | J7: {=AVERAGE(IF('Tabela 1'!$J103:$J202 = 0,'Tabela 1'!L103:L202))} -> 0.00017736995 | K7: {=AVERAGE(IF('Tabela 1'!$J103:$J202 = 0,'Tabela 1'!M103:M202))} -> 4.6666667 | L7: =COUNTIF('Tabela 1'!N$103:N$202,0) -> 78
D8: Brak zbieżności | G8: 0 | H8: 0 | K8: 0 | L8: 0
A9: 2.0 | B9: =AVERAGE('Tabela 1'!E203:E302)-AVERAGE('Tabela 1'!D203:D302) -> 67.57 | C9: =AVERAGE('Tabela 1'!F203:F302) -> 7.8 | D9: Minimum globalne | E9: {=AVERAGE(IF('Tabela 1'!$J203:$J302 = 1,'Tabela 1'!G203:G302))} -> 62.727 | F9: {=AVERAGE(IF('Tabela 1'!$J203:$J302 = 1,'Tabela 1'!H203:H302))} -> -0.921198 | G9: {=AVERAGE(IF('Tabela 1'!$J203:$J302 = 1,'Tabela 1'!I203:I302))} -> 37.388889 | H9: =COUNTIF('Tabela 1'!J$203:J$302,1) -> 36 | I9: {=AVERAGE(IF('Tabela 1'!$J203:$J302 = 1,'Tabela 1'!K203:K302))} -> 56.066688 | J9: {=AVERAGE(IF('Tabela 1'!$J203:$J302 = 1,'Tabela 1'!L203:L302))} -> -0.44421456 | K9: {=AVERAGE(IF('Tabela 1'!$J203:$J302 = 1,'Tabela 1'!M203:M302))} -> 4.6666667 | L9: =COUNTIF('Tabela 1'!N$203:N$302,1) -> 29
D10: Minimum lokalne | E10: {=AVERAGE(IF('Tabela 1'!$J203:$J302 = 0,'Tabela 1'!G203:G302))} -> 0.028593748 | F10: {=AVERAGE(IF('Tabela 1'!$J203:$J302 = 0,'Tabela 1'!H203:H302))} -> 2.8634062e-06 | G10: {=AVERAGE(IF('Tabela 1'!$J203:$J302 = 0,'Tabela 1'!I203:I302))} -> 36.671875 | H10: =COUNTIF('Tabela 1'!J$203:J$302,0) -> 64 | I10: {=AVERAGE(IF('Tabela 1'!$J203:$J302 = 0,'Tabela 1'!K203:K302))} -> 4.9257111 | J10: {=AVERAGE(IF('Tabela 1'!$J203:$J302 = 0,'Tabela 1'!L203:L302))} -> -0.079012139 | K10: {=AVERAGE(IF('Tabela 1'!$J203:$J302 = 0,'Tabela 1'!M203:M302))} -> 4.640625 | L10: =COUNTIF('Tabela 1'!N$203:N$302,0) -> 71
D11: Brak zbieżności | G11: 0 | H11: 0 | K11: 0 | L11: 0
E13: note | F13: fibi czesciej znajduje globalny ale langrangi jest szybszy

Sheet Wykres
A1: Nr iteracji | B1: b-a
B2: Metoda Fibonacciego | C2: Metoda oparta na inperpolacji Lagrange'a
A3: 1 | B3: 200 | C3: 200
A4: 2 | B4: 200 | C4: 200
A5: 3 | B5: 200 | C5: 200
A6: 4 | B6: 123.607 | C6: 200
A7: 5 | B7: 76.3932 | C7: 100
A8: 6 | B8: 47.2136
A9: 7 | B9: 29.1796
A10: 8 | B10: 18.034
A11: 9 | B11: 11.1456
A12: 10 | B12: 6.88837
A13: 11 | B13: 4.25725
A14: 12 | B14: 2.63112
A15: 13 | B15: 1.62612
A16: 14 | B16: 1.005
A17: 15 | B17: 0.621124
A18: 16 | B18: 0.383876
A19: 17 | B19: 0.237248
... A43: 41 | B43: 2.23952e-06

Sheet Tabela 3
A1: Metoda Fibonacciego | D1: Metoda oparta na inperpolacji Lagrange'a
A2: DA* | B2: y* | C2: Liczba wywołań funkcji celu | D2: DA* | E2: y* | F2: Liczba wywołań funkcji celu

Sheet Symulacja
A1: t | B1: VA | D1: VB | F1: TB
B2: Fibonacci | C2: Lagrange | D2: Fibonacci | E2: Lagrange | F2: Fibonacci | G2: Lagrange
